,Category,Links,Seasons
Andy Bernard,Main_Characters,Erin Hannon,"[3, 4, 5, 6, 7, 8, 9]"
Andy Bernard,Main_Characters,Angela Martin,"[3, 4, 5, 6, 7, 8, 9]"
Andy Bernard,Main_Characters,Unnamed Cousin,"[3, 4, 5, 6, 7, 8, 9]"
Andy Bernard,Main_Characters,Walter Bernard Jr.,"[3, 4, 5, 6, 7, 8, 9]"
Andy Bernard,Main_Characters,Walter Bernard Sr.,"[3, 4, 5, 6, 7, 8, 9]"
Andy Bernard,Main_Characters,Ellen Bernard,"[3, 4, 5, 6, 7, 8, 9]"
Andy Bernard,Main_Characters,Jim Halpert,"[3, 4, 5, 6, 7, 8, 9]"
Andy Bernard,Main_Characters,Robert California,"[3, 4, 5, 6, 7, 8, 9]"
Andy Bernard,Main_Characters,Michael Scott,"[3, 4, 5, 6, 7, 8, 9]"
Andy Bernard,Main_Characters,Deangelo Vickers,"[3, 4, 5, 6, 7, 8, 9]"
Andy Bernard,Main_Characters,Nellie Bertram,"[3, 4, 5, 6, 7, 8, 9]"
Andy Bernard,Main_Characters,David Wallace,"[3, 4, 5, 6, 7, 8, 9]"
Andy Bernard,Main_Characters,Angela Martin,"[3, 4, 5, 6, 7, 8, 9]"
Andy Bernard,Main_Characters,Erin Hannon,"[3, 4, 5, 6, 7, 8, 9]"
Andy Bernard,Main_Characters,Josh Porter,"[3, 4, 5, 6, 7, 8, 9]"
Andy Bernard,Main_Characters,Jim Halpert,"[3, 4, 5, 6, 7, 8, 9]"
Andy Bernard,Main_Characters,Ryan Howard,"[3, 4, 5, 6, 7, 8, 9]"
Andy Bernard,Main_Characters,Nellie Bertram,"[3, 4, 5, 6, 7, 8, 9]"
Andy Bernard,Main_Characters,Robert California,"[3, 4, 5, 6, 7, 8, 9]"
Andy Bernard,Main_Characters,David Wallace,"[3, 4, 5, 6, 7, 8, 9]"
Andy Bernard,Main_Characters,Erin Hannon,"[3, 4, 5, 6, 7, 8, 9]"
Andy Bernard,Main_Characters,Michael Scott,"[3, 4, 5, 6, 7, 8, 9]"
Andy Bernard,Main_Characters,Angela Martin,"[3, 4, 5, 6, 7, 8, 9]"
Andy Bernard,Main_Characters,Gabe Lewis,"[3, 4, 5, 6, 7, 8, 9]"
Andy Bernard,Main_Characters,Alice,"[3, 4, 5, 6, 7, 8, 9]"
Andy Bernard,Main_Characters,Angela Martin,"[3, 4, 5, 6, 7, 8, 9]"
Andy Bernard,Main_Characters,Dwight Schrute,"[3, 4, 5, 6, 7, 8, 9]"
Andy Bernard,Main_Characters,Toby Flenderson,"[3, 4, 5, 6, 7, 8, 9]"
Andy Bernard,Main_Characters,Cathy Simms,"[3, 4, 5, 6, 7, 8, 9]"
Andy Bernard,Main_Characters,Stanley Hudson,"[3, 4, 5, 6, 7, 8, 9]"
Andy Bernard,Main_Characters,Ryan Howard,"[3, 4, 5, 6, 7, 8, 9]"
Andy Bernard,Main_Characters,Nellie Bertram,"[3, 4, 5, 6, 7, 8, 9]"
Andy Bernard,Main_Characters,Jo Bennett,"[3, 4, 5, 6, 7, 8, 9]"
Andy Bernard,Main_Characters,Nick,"[3, 4, 5, 6, 7, 8, 9]"
Andy Bernard,Main_Characters,Robert California,"[3, 4, 5, 6, 7, 8, 9]"
Andy Bernard,Main_Characters,Nellie Bertram,"[3, 4, 5, 6, 7, 8, 9]"
Andy Bernard,Main_Characters,David Wallace,"[3, 4, 5, 6, 7, 8, 9]"
Andy Bernard,Main_Characters,Michael Scott,"[3, 4, 5, 6, 7, 8, 9]"
Andy Bernard,Main_Characters,Dwight Schrute,"[3, 4, 5, 6, 7, 8, 9]"
Andy Bernard,Main_Characters,Jamie,"[3, 4, 5, 6, 7, 8, 9]"
Andy Bernard,Main_Characters,Stanley Hudson,"[3, 4, 5, 6, 7, 8, 9]"
Andy Bernard,Main_Characters,Angela Martin,"[3, 4, 5, 6, 7, 8, 9]"
Andy Bernard,Main_Characters,Angela Martin,"[3, 4, 5, 6, 7, 8, 9]"
Andy Bernard,Main_Characters,Garbage,"[3, 4, 5, 6, 7, 8, 9]"
Andy Bernard,Main_Characters,Bob Vance,"[3, 4, 5, 6, 7, 8, 9]"
Andy Bernard,Main_Characters,Deangelo Vickers,"[3, 4, 5, 6, 7, 8, 9]"
Andy Bernard,Main_Characters,David Wallace,"[3, 4, 5, 6, 7, 8, 9]"
Andy Bernard,Main_Characters,Pete Miller,"[3, 4, 5, 6, 7, 8, 9]"
Andy Bernard,Main_Characters,Jan Levinson,"[3, 4, 5, 6, 7, 8, 9]"
Andy Bernard,Main_Characters,Alice,"[3, 4, 5, 6, 7, 8, 9]"
Andy Bernard,Main_Characters,Todd Packer,"[3, 4, 5, 6, 7, 8, 9]"
Andy Bernard,Main_Characters,Carla Fern,"[3, 4, 5, 6, 7, 8, 9]"
Angela Martin,Main_Characters,Dwight Schrute,"[1, 2, 3, 4, 5, 6, 7, 8, 9]"
Angela Martin,Main_Characters,Robert Lipton,"[1, 2, 3, 4, 5, 6, 7, 8, 9]"
Angela Martin,Main_Characters,Andy Bernard,"[1, 2, 3, 4, 5, 6, 7, 8, 9]"
Angela Martin,Main_Characters,Phillip Schrute,"[1, 2, 3, 4, 5, 6, 7, 8, 9]"
Angela Martin,Main_Characters,Rachael Martin,"[1, 2, 3, 4, 5, 6, 7, 8, 9]"
Angela Martin,Main_Characters,Charles Miner,"[1, 2, 3, 4, 5, 6, 7, 8, 9]"
Angela Martin,Main_Characters,Phyllis Vance,"[1, 2, 3, 4, 5, 6, 7, 8, 9]"
Angela Martin,Main_Characters,Andy Bernard,"[1, 2, 3, 4, 5, 6, 7, 8, 9]"
Angela Martin,Main_Characters,Charles Miner,"[1, 2, 3, 4, 5, 6, 7, 8, 9]"
Angela Martin,Main_Characters,Sprinkles,"[1, 2, 3, 4, 5, 6, 7, 8, 9]"
Angela Martin,Main_Characters,Bandit,"[1, 2, 3, 4, 5, 6, 7, 8, 9]"
Angela Martin,Main_Characters,Garbage,"[1, 2, 3, 4, 5, 6, 7, 8, 9]"
Angela Martin,Main_Characters,Sprinkles,"[1, 2, 3, 4, 5, 6, 7, 8, 9]"
Angela Martin,Main_Characters,Robert Lipton,"[1, 2, 3, 4, 5, 6, 7, 8, 9]"
Angela Martin,Main_Characters,Erin Hannon,"[1, 2, 3, 4, 5, 6, 7, 8, 9]"
Angela Martin,Main_Characters,Pam Beesly,"[1, 2, 3, 4, 5, 6, 7, 8, 9]"
Clark Green,Main_Characters,Pete Miller,[9]
Clark Green,Main_Characters,Kelly Kapoor,[9]
Clark Green,Main_Characters,David Wallace,[9]
Clark Green,Main_Characters,Todd Packer,[9]
Creed Bratton,Main_Characters,Creed Bratton,"[1, 2, 3, 4, 5, 6, 7, 8, 9]"
Creed Bratton,Main_Characters,Michael Scott,"[1, 2, 3, 4, 5, 6, 7, 8, 9]"
Creed Bratton,Main_Characters,Hannah Smoterich-Barr,"[1, 2, 3, 4, 5, 6, 7, 8, 9]"
Creed Bratton,Main_Characters,Holly Flax,"[1, 2, 3, 4, 5, 6, 7, 8, 9]"
Creed Bratton,Main_Characters,Toby Flenderson,"[1, 2, 3, 4, 5, 6, 7, 8, 9]"
Darryl Philbin,Main_Characters,Kelly Kapoor,"[1, 2, 3, 4, 5, 6, 7, 8, 9]"
Darryl Philbin,Main_Characters,Val Johnson,"[1, 2, 3, 4, 5, 6, 7, 8, 9]"
Darryl Philbin,Main_Characters,Jada Philbin,"[1, 2, 3, 4, 5, 6, 7, 8, 9]"
Darryl Philbin,Main_Characters,Gwyneth Philbin,"[1, 2, 3, 4, 5, 6, 7, 8, 9]"
Darryl Philbin,Main_Characters,Michael Scott,"[1, 2, 3, 4, 5, 6, 7, 8, 9]"
Darryl Philbin,Main_Characters,Andy Bernard,"[1, 2, 3, 4, 5, 6, 7, 8, 9]"
Darryl Philbin,Main_Characters,Kelly Kapoor,"[1, 2, 3, 4, 5, 6, 7, 8, 9]"
Darryl Philbin,Main_Characters,Holly Flax,"[1, 2, 3, 4, 5, 6, 7, 8, 9]"
Darryl Philbin,Main_Characters,Jan Levinson,"[1, 2, 3, 4, 5, 6, 7, 8, 9]"
Darryl Philbin,Main_Characters,Bob Vance,"[1, 2, 3, 4, 5, 6, 7, 8, 9]"
Darryl Philbin,Main_Characters,Toby Flenderson,"[1, 2, 3, 4, 5, 6, 7, 8, 9]"
Darryl Philbin,Main_Characters,Andy Bernard,"[1, 2, 3, 4, 5, 6, 7, 8, 9]"
Darryl Philbin,Main_Characters,Andy Bernard,"[1, 2, 3, 4, 5, 6, 7, 8, 9]"
Dwight Schrute,Main_Characters,Angela Martin,"[1, 2, 3, 4, 5, 6, 7, 8, 9]"
Dwight Schrute,Main_Characters,Esther Bruegger,"[1, 2, 3, 4, 5, 6, 7, 8, 9]"
Dwight Schrute,Main_Characters,Isabel Poreba,"[1, 2, 3, 4, 5, 6, 7, 8, 9]"
Dwight Schrute,Main_Characters,Jeb Schrute,"[1, 2, 3, 4, 5, 6, 7, 8, 9]"
Dwight Schrute,Main_Characters,Fannie Schrute,"[1, 2, 3, 4, 5, 6, 7, 8, 9]"
Dwight Schrute,Main_Characters,Mose Schrute,"[1, 2, 3, 4, 5, 6, 7, 8, 9]"
Dwight Schrute,Main_Characters,Aunt Shirley,"[1, 2, 3, 4, 5, 6, 7, 8, 9]"
Dwight Schrute,Main_Characters,Honk,"[1, 2, 3, 4, 5, 6, 7, 8, 9]"
Dwight Schrute,Main_Characters,Jim Halpert,"[1, 2, 3, 4, 5, 6, 7, 8, 9]"
Dwight Schrute,Main_Characters,Angela Martin,"[1, 2, 3, 4, 5, 6, 7, 8, 9]"
Dwight Schrute,Main_Characters,Todd Packer,"[1, 2, 3, 4, 5, 6, 7, 8, 9]"
Dwight Schrute,Main_Characters,Gareth Keenan,"[1, 2, 3, 4, 5, 6, 7, 8, 9]"
Dwight Schrute,Main_Characters,Michael Scott,"[1, 2, 3, 4, 5, 6, 7, 8, 9]"
Dwight Schrute,Main_Characters,Gareth Keenan,"[1, 2, 3, 4, 5, 6, 7, 8, 9]"
Dwight Schrute,Main_Characters,Jo Bennett,"[1, 2, 3, 4, 5, 6, 7, 8, 9]"
Dwight Schrute,Main_Characters,Andy Bernard,"[1, 2, 3, 4, 5, 6, 7, 8, 9]"
Dwight Schrute,Main_Characters,Robert California,"[1, 2, 3, 4, 5, 6, 7, 8, 9]"
Dwight Schrute,Main_Characters,Toby Flenderson,"[1, 2, 3, 4, 5, 6, 7, 8, 9]"
Dwight Schrute,Main_Characters,Todd Packer,"[1, 2, 3, 4, 5, 6, 7, 8, 9]"
Dwight Schrute,Main_Characters,Roy Anderson,"[1, 2, 3, 4, 5, 6, 7, 8, 9]"
Dwight Schrute,Main_Characters,Jim Halpert,"[1, 2, 3, 4, 5, 6, 7, 8, 9]"
Dwight Schrute,Main_Characters,Ryan Howard,"[1, 2, 3, 4, 5, 6, 7, 8, 9]"
Dwight Schrute,Main_Characters,Meredith Palmer,"[1, 2, 3, 4, 5, 6, 7, 8, 9]"
Dwight Schrute,Main_Characters,Toby Flenderson,"[1, 2, 3, 4, 5, 6, 7, 8, 9]"
Dwight Schrute,Main_Characters,Phyllis Vance,"[1, 2, 3, 4, 5, 6, 7, 8, 9]"
Dwight Schrute,Main_Characters,Kelly Kapoor,"[1, 2, 3, 4, 5, 6, 7, 8, 9]"
Dwight Schrute,Main_Characters,Todd Packer,"[1, 2, 3, 4, 5, 6, 7, 8, 9]"
Dwight Schrute,Main_Characters,Todd Packer,"[1, 2, 3, 4, 5, 6, 7, 8, 9]"
Dwight Schrute,Main_Characters,Todd Packer,"[1, 2, 3, 4, 5, 6, 7, 8, 9]"
Dwight Schrute,Main_Characters,David Wallace,"[1, 2, 3, 4, 5, 6, 7, 8, 9]"
Dwight Schrute,Main_Characters,Andy Bernard,"[1, 2, 3, 4, 5, 6, 7, 8, 9]"
Dwight Schrute,Main_Characters,Michael Scott,"[1, 2, 3, 4, 5, 6, 7, 8, 9]"
Dwight Schrute,Main_Characters,Ryan Howard,"[1, 2, 3, 4, 5, 6, 7, 8, 9]"
Dwight Schrute,Main_Characters,Andy Bernard,"[1, 2, 3, 4, 5, 6, 7, 8, 9]"
Dwight Schrute,Main_Characters,Erin Hannon,"[1, 2, 3, 4, 5, 6, 7, 8, 9]"
Dwight Schrute,Main_Characters,Angela Martin,"[1, 2, 3, 4, 5, 6, 7, 8, 9]"
Erin Hannon,Main_Characters,Andy Bernard,"[5, 6, 7, 8, 9]"
Erin Hannon,Main_Characters,Gabe Lewis,"[5, 6, 7, 8, 9]"
Erin Hannon,Main_Characters,Pete Miller,"[5, 6, 7, 8, 9]"
Erin Hannon,Main_Characters,Reed,"[5, 6, 7, 8, 9]"
Erin Hannon,Main_Characters,Erin's Mother,"[5, 6, 7, 8, 9]"
Erin Hannon,Main_Characters,Erin's Father,"[5, 6, 7, 8, 9]"
Erin Hannon,Main_Characters,Pam Beesly,"[5, 6, 7, 8, 9]"
Erin Hannon,Main_Characters,Dawn Tinsley,"[5, 6, 7, 8, 9]"
Erin Hannon,Main_Characters,Kelly Kapoor,"[5, 6, 7, 8, 9]"
Erin Hannon,Main_Characters,Michael Scott,"[5, 6, 7, 8, 9]"
Erin Hannon,Main_Characters,Dwight Schrute,"[5, 6, 7, 8, 9]"
Erin Hannon,Main_Characters,Ryan Howard,"[5, 6, 7, 8, 9]"
Erin Hannon,Main_Characters,Charles Miner,"[5, 6, 7, 8, 9]"
Erin Hannon,Main_Characters,Jim Halpert,"[5, 6, 7, 8, 9]"
Erin Hannon,Main_Characters,Irene,"[5, 6, 7, 8, 9]"
Gabe Lewis,Main_Characters,Jo Bennett,"[6, 7, 8, 9]"
Gabe Lewis,Main_Characters,Jan Levinson,"[6, 7, 8, 9]"
Gabe Lewis,Main_Characters,David Wallace,"[6, 7, 8, 9]"
Gabe Lewis,Main_Characters,Erin Hannon,"[6, 7, 8, 9]"
Gabe Lewis,Main_Characters,Erin Hannon,"[6, 7, 8, 9]"
Gabe Lewis,Main_Characters,Todd Packer,"[6, 7, 8, 9]"
Gabe Lewis,Main_Characters,Robert California,"[6, 7, 8, 9]"
Gabe Lewis,Main_Characters,David Wallace,"[6, 7, 8, 9]"
Jan Levinson,Main_Characters,Urkel Grue,"[1, 2, 3, 4, 5, 7, 9]"
Jan Levinson,Main_Characters,Michael Scott,"[1, 2, 3, 4, 5, 7, 9]"
Jan Levinson,Main_Characters,Clark Green,"[1, 2, 3, 4, 5, 7, 9]"
Jan Levinson,Main_Characters,Astrid Levinson,"[1, 2, 3, 4, 5, 7, 9]"
Jan Levinson,Main_Characters,Michael Scott,"[1, 2, 3, 4, 5, 7, 9]"
Jan Levinson,Main_Characters,David Wallace,"[1, 2, 3, 4, 5, 7, 9]"
Jan Levinson,Main_Characters,Carol Stills,"[1, 2, 3, 4, 5, 7, 9]"
Jan Levinson,Main_Characters,Jim Halpert,"[1, 2, 3, 4, 5, 7, 9]"
Jan Levinson,Main_Characters,Oscar Martinez,"[1, 2, 3, 4, 5, 7, 9]"
Jan Levinson,Main_Characters,Dwight Schrute,"[1, 2, 3, 4, 5, 7, 9]"
Jan Levinson,Main_Characters,Pam Beesly,"[1, 2, 3, 4, 5, 7, 9]"
Jan Levinson,Main_Characters,Josh Porter,"[1, 2, 3, 4, 5, 7, 9]"
Jan Levinson,Main_Characters,Martin Nash,"[1, 2, 3, 4, 5, 7, 9]"
Jan Levinson,Main_Characters,Ryan Howard,"[1, 2, 3, 4, 5, 7, 9]"
Jan Levinson,Main_Characters,Jasmine Windsong,"[1, 2, 3, 4, 5, 7, 9]"
Jan Levinson,Main_Characters,Clark Green,"[1, 2, 3, 4, 5, 7, 9]"
Jan Levinson,Main_Characters,Andy Bernard,"[1, 2, 3, 4, 5, 7, 9]"
Jim Halpert,Main_Characters,Karen Filippelli,"[1, 2, 3, 4, 5, 6, 7, 8, 9]"
Jim Halpert,Main_Characters,Katy Moore,"[1, 2, 3, 4, 5, 6, 7, 8, 9]"
Jim Halpert,Main_Characters,Cecelia Halpert,"[1, 2, 3, 4, 5, 6, 7, 8, 9]"
Jim Halpert,Main_Characters,Phillip Halpert,"[1, 2, 3, 4, 5, 6, 7, 8, 9]"
Jim Halpert,Main_Characters,Tom Halpert,"[1, 2, 3, 4, 5, 6, 7, 8, 9]"
Jim Halpert,Main_Characters,Pete Halpert,"[1, 2, 3, 4, 5, 6, 7, 8, 9]"
Jim Halpert,Main_Characters,Gerald Halpert,"[1, 2, 3, 4, 5, 6, 7, 8, 9]"
Jim Halpert,Main_Characters,Betsy Halpert,"[1, 2, 3, 4, 5, 6, 7, 8, 9]"
Jim Halpert,Main_Characters,William Beesly,"[1, 2, 3, 4, 5, 6, 7, 8, 9]"
Jim Halpert,Main_Characters,Helene Beesly,"[1, 2, 3, 4, 5, 6, 7, 8, 9]"
Jim Halpert,Main_Characters,Penny Beesly,"[1, 2, 3, 4, 5, 6, 7, 8, 9]"
Jim Halpert,Main_Characters,Tim Canterbury,"[1, 2, 3, 4, 5, 6, 7, 8, 9]"
Jim Halpert,Main_Characters,Dwight Schrute,"[1, 2, 3, 4, 5, 6, 7, 8, 9]"
Jim Halpert,Main_Characters,Pam Beesly,"[1, 2, 3, 4, 5, 6, 7, 8, 9]"
Jim Halpert,Main_Characters,Andy Bernard,"[1, 2, 3, 4, 5, 6, 7, 8, 9]"
Jim Halpert,Main_Characters,Betsy Halpert,"[1, 2, 3, 4, 5, 6, 7, 8, 9]"
Jim Halpert,Main_Characters,Toby Flenderson,"[1, 2, 3, 4, 5, 6, 7, 8, 9]"
Jim Halpert,Main_Characters,Pam Beesly,"[1, 2, 3, 4, 5, 6, 7, 8, 9]"
Jim Halpert,Main_Characters,Roy Anderson,"[1, 2, 3, 4, 5, 6, 7, 8, 9]"
Jim Halpert,Main_Characters,Karen Filippelli,"[1, 2, 3, 4, 5, 6, 7, 8, 9]"
Jim Halpert,Main_Characters,Charles Miner,"[1, 2, 3, 4, 5, 6, 7, 8, 9]"
Jim Halpert,Main_Characters,Danny Cordray,"[1, 2, 3, 4, 5, 6, 7, 8, 9]"
Jim Halpert,Main_Characters,Gabe Lewis,"[1, 2, 3, 4, 5, 6, 7, 8, 9]"
Jim Halpert,Main_Characters,Todd Packer,"[1, 2, 3, 4, 5, 6, 7, 8, 9]"
Jim Halpert,Main_Characters,Cathy Simms,"[1, 2, 3, 4, 5, 6, 7, 8, 9]"
Karen Filippelli,Main_Characters,Jim Halpert,"[3, 4, 5, 7]"
Karen Filippelli,Main_Characters,Jim Halpert,"[3, 4, 5, 7]"
Karen Filippelli,Main_Characters,Josh Porter,"[3, 4, 5, 7]"
Karen Filippelli,Main_Characters,Andy Bernard,"[3, 4, 5, 7]"
Karen Filippelli,Main_Characters,Pam Beesly,"[3, 4, 5, 7]"
Karen Filippelli,Main_Characters,Angela Martin,"[3, 4, 5, 7]"
Karen Filippelli,Main_Characters,Phyllis Vance,"[3, 4, 5, 7]"
Karen Filippelli,Main_Characters,Stanley Hudson,"[3, 4, 5, 7]"
Karen Filippelli,Main_Characters,Nellie Bertram,"[3, 4, 5, 7]"
Karen Filippelli,Main_Characters,Ryan Howard,"[3, 4, 5, 7]"
Kelly Kapoor,Main_Characters,Ryan Howard,"[1, 2, 3, 4, 5, 6, 7, 8, 9]"
Kelly Kapoor,Main_Characters,Ravi,"[1, 2, 3, 4, 5, 6, 7, 8, 9]"
Kelly Kapoor,Main_Characters,Darryl Philbin,"[1, 2, 3, 4, 5, 6, 7, 8, 9]"
Kelly Kapoor,Main_Characters,Ryan Howard,"[1, 2, 3, 4, 5, 6, 7, 8, 9]"
Kelly Kapoor,Main_Characters,Erin Hannon,"[1, 2, 3, 4, 5, 6, 7, 8, 9]"
Kelly Kapoor,Main_Characters,Ravi,"[1, 2, 3, 4, 5, 6, 7, 8, 9]"
Kelly Kapoor,Main_Characters,Alan,"[1, 2, 3, 4, 5, 6, 7, 8, 9]"
Kelly Kapoor,Main_Characters,Jan Levinson,"[1, 2, 3, 4, 5, 6, 7, 8, 9]"
Kelly Kapoor,Main_Characters,Darryl Philbin,"[1, 2, 3, 4, 5, 6, 7, 8, 9]"
Kelly Kapoor,Main_Characters,Charles Miner,"[1, 2, 3, 4, 5, 6, 7, 8, 9]"
Kelly Kapoor,Main_Characters,Angela Martin,"[1, 2, 3, 4, 5, 6, 7, 8, 9]"
Kelly Kapoor,Main_Characters,Erin Hannon,"[1, 2, 3, 4, 5, 6, 7, 8, 9]"
Kelly Kapoor,Main_Characters,Andy Bernard,"[1, 2, 3, 4, 5, 6, 7, 8, 9]"
Kelly Kapoor,Main_Characters,Deangelo Vickers,"[1, 2, 3, 4, 5, 6, 7, 8, 9]"
Kelly Kapoor,Main_Characters,Jordan Garfield,"[1, 2, 3, 4, 5, 6, 7, 8, 9]"
Kelly Kapoor,Main_Characters,Ravi,"[1, 2, 3, 4, 5, 6, 7, 8, 9]"
Kelly Kapoor,Main_Characters,Ravi,"[1, 2, 3, 4, 5, 6, 7, 8, 9]"
Kelly Kapoor,Main_Characters,Robert California,"[1, 2, 3, 4, 5, 6, 7, 8, 9]"
Kelly Kapoor,Main_Characters,Ryan Howard,"[1, 2, 3, 4, 5, 6, 7, 8, 9]"
Kevin Malone,Main_Characters,Stacy,"[1, 2, 3, 4, 5, 6, 7, 8, 9]"
Kevin Malone,Main_Characters,Lynn,"[1, 2, 3, 4, 5, 6, 7, 8, 9]"
Kevin Malone,Main_Characters,Abby,"[1, 2, 3, 4, 5, 6, 7, 8, 9]"
Kevin Malone,Main_Characters,Oscar Martinez,"[1, 2, 3, 4, 5, 6, 7, 8, 9]"
Kevin Malone,Main_Characters,Angela Martin,"[1, 2, 3, 4, 5, 6, 7, 8, 9]"
Kevin Malone,Main_Characters,Michael Scott,"[1, 2, 3, 4, 5, 6, 7, 8, 9]"
Kevin Malone,Main_Characters,Stacy,"[1, 2, 3, 4, 5, 6, 7, 8, 9]"
Kevin Malone,Main_Characters,Lynn,"[1, 2, 3, 4, 5, 6, 7, 8, 9]"
Kevin Malone,Main_Characters,Angela Martin,"[1, 2, 3, 4, 5, 6, 7, 8, 9]"
Kevin Malone,Main_Characters,Oscar Martinez,"[1, 2, 3, 4, 5, 6, 7, 8, 9]"
Kevin Malone,Main_Characters,Stanley Hudson,"[1, 2, 3, 4, 5, 6, 7, 8, 9]"
Kevin Malone,Main_Characters,Deangelo Vickers,"[1, 2, 3, 4, 5, 6, 7, 8, 9]"
Kevin Malone,Main_Characters,Robert California,"[1, 2, 3, 4, 5, 6, 7, 8, 9]"
Meredith Palmer,Main_Characters,Jake Palmer,"[1, 2, 3, 4, 5, 6, 7, 8, 9]"
Meredith Palmer,Main_Characters,Captain Jack,"[1, 2, 3, 4, 5, 6, 7, 8, 9]"
Meredith Palmer,Main_Characters,Bob Vance,"[1, 2, 3, 4, 5, 6, 7, 8, 9]"
Michael Scott,Main_Characters,Ping,"[1, 2, 3, 4, 5, 6, 7, 9]"
Michael Scott,Main_Characters,Michael Scarn,"[1, 2, 3, 4, 5, 6, 7, 9]"
Michael Scott,Main_Characters,Michael Klump,"[1, 2, 3, 4, 5, 6, 7, 9]"
Michael Scott,Main_Characters,Blind Guy McSqueezy,"[1, 2, 3, 4, 5, 6, 7, 9]"
Michael Scott,Main_Characters,Prison Mike,"[1, 2, 3, 4, 5, 6, 7, 9]"
Michael Scott,Main_Characters,Holly Flax,"[1, 2, 3, 4, 5, 6, 7, 9]"
Michael Scott,Main_Characters,Jan Levinson,"[1, 2, 3, 4, 5, 6, 7, 9]"
Michael Scott,Main_Characters,Helene Beesly,"[1, 2, 3, 4, 5, 6, 7, 9]"
Michael Scott,Main_Characters,Carol Stills,"[1, 2, 3, 4, 5, 6, 7, 9]"
Michael Scott,Main_Characters,Donna Newton,"[1, 2, 3, 4, 5, 6, 7, 9]"
Michael Scott,Main_Characters,Barbara Keevis,"[1, 2, 3, 4, 5, 6, 7, 9]"
Michael Scott,Main_Characters,Luke Cooper,"[1, 2, 3, 4, 5, 6, 7, 9]"
Michael Scott,Main_Characters,David Brent,"[1, 2, 3, 4, 5, 6, 7, 9]"
Michael Scott,Main_Characters,Pam Beesly,"[1, 2, 3, 4, 5, 6, 7, 9]"
Michael Scott,Main_Characters,Jim Halpert,"[1, 2, 3, 4, 5, 6, 7, 9]"
Michael Scott,Main_Characters,Holly Flax,"[1, 2, 3, 4, 5, 6, 7, 9]"
Michael Scott,Main_Characters,Deangelo Vickers,"[1, 2, 3, 4, 5, 6, 7, 9]"
Michael Scott,Main_Characters,Andy Bernard,"[1, 2, 3, 4, 5, 6, 7, 9]"
Michael Scott,Main_Characters,Dwight Schrute,"[1, 2, 3, 4, 5, 6, 7, 9]"
Michael Scott,Main_Characters,Ryan Howard,"[1, 2, 3, 4, 5, 6, 7, 9]"
Michael Scott,Main_Characters,Jim Halpert,"[1, 2, 3, 4, 5, 6, 7, 9]"
Michael Scott,Main_Characters,Jan Levinson,"[1, 2, 3, 4, 5, 6, 7, 9]"
Michael Scott,Main_Characters,Stanley Hudson,"[1, 2, 3, 4, 5, 6, 7, 9]"
Michael Scott,Main_Characters,Jan Levinson,"[1, 2, 3, 4, 5, 6, 7, 9]"
Michael Scott,Main_Characters,Jim Halpert,"[1, 2, 3, 4, 5, 6, 7, 9]"
Michael Scott,Main_Characters,Andy Bernard,"[1, 2, 3, 4, 5, 6, 7, 9]"
Michael Scott,Main_Characters,Charles Miner,"[1, 2, 3, 4, 5, 6, 7, 9]"
Michael Scott,Main_Characters,Darryl Philbin,"[1, 2, 3, 4, 5, 6, 7, 9]"
Michael Scott,Main_Characters,David Wallace,"[1, 2, 3, 4, 5, 6, 7, 9]"
Michael Scott,Main_Characters,Holly Flax,"[1, 2, 3, 4, 5, 6, 7, 9]"
Michael Scott,Main_Characters,Erin Hannon,"[1, 2, 3, 4, 5, 6, 7, 9]"
Michael Scott,Main_Characters,Andy Bernard,"[1, 2, 3, 4, 5, 6, 7, 9]"
Michael Scott,Main_Characters,Angela Martin,"[1, 2, 3, 4, 5, 6, 7, 9]"
Michael Scott,Main_Characters,Gabe Lewis,"[1, 2, 3, 4, 5, 6, 7, 9]"
Michael Scott,Main_Characters,Holly Flax,"[1, 2, 3, 4, 5, 6, 7, 9]"
Michael Scott,Main_Characters,Jan Levinson,"[1, 2, 3, 4, 5, 6, 7, 9]"
Michael Scott,Main_Characters,David Brent,"[1, 2, 3, 4, 5, 6, 7, 9]"
Michael Scott,Main_Characters,Carol Stills,"[1, 2, 3, 4, 5, 6, 7, 9]"
Michael Scott,Main_Characters,David Brent,"[1, 2, 3, 4, 5, 6, 7, 9]"
Michael Scott,Main_Characters,Jan Levinson,"[1, 2, 3, 4, 5, 6, 7, 9]"
Michael Scott,Main_Characters,David Brent,"[1, 2, 3, 4, 5, 6, 7, 9]"
Michael Scott,Main_Characters,Jan Levinson,"[1, 2, 3, 4, 5, 6, 7, 9]"
Michael Scott,Main_Characters,Toby Flenderson,"[1, 2, 3, 4, 5, 6, 7, 9]"
Nellie Bertram,Main_Characters,Drake Howard,"[7, 8, 9]"
Nellie Bertram,Main_Characters,Andy Bernard,"[7, 8, 9]"
Nellie Bertram,Main_Characters,David Wallace,"[7, 8, 9]"
Nellie Bertram,Main_Characters,Frank,"[7, 8, 9]"
Nellie Bertram,Main_Characters,David Brent,"[7, 8, 9]"
Oscar Martinez,Main_Characters,Gil,"[1, 2, 3, 4, 5, 6, 7, 8, 9]"
Oscar Martinez,Main_Characters,Robert Lipton,"[1, 2, 3, 4, 5, 6, 7, 8, 9]"
Oscar Martinez,Main_Characters,Goldenface,"[1, 2, 3, 4, 5, 6, 7, 8, 9]"
Oscar Martinez,Main_Characters,Gil,"[1, 2, 3, 4, 5, 6, 7, 8, 9]"
Oscar Martinez,Main_Characters,Matt,"[1, 2, 3, 4, 5, 6, 7, 8, 9]"
Oscar Martinez,Main_Characters,Robert California,"[1, 2, 3, 4, 5, 6, 7, 8, 9]"
Oscar Martinez,Main_Characters,Robert Lipton,"[1, 2, 3, 4, 5, 6, 7, 8, 9]"
Oscar Martinez,Main_Characters,Michael Scott,"[1, 2, 3, 4, 5, 6, 7, 8, 9]"
Pam Beesly,Main_Characters,Jim Halpert,"[1, 2, 3, 4, 5, 6, 7, 8, 9]"
Pam Beesly,Main_Characters,Roy Anderson,"[1, 2, 3, 4, 5, 6, 7, 8, 9]"
Pam Beesly,Main_Characters,Alan,"[1, 2, 3, 4, 5, 6, 7, 8, 9]"
Pam Beesly,Main_Characters,Cecelia Halpert,"[1, 2, 3, 4, 5, 6, 7, 8, 9]"
Pam Beesly,Main_Characters,Phillip Halpert,"[1, 2, 3, 4, 5, 6, 7, 8, 9]"
Pam Beesly,Main_Characters,Penny Beesly,"[1, 2, 3, 4, 5, 6, 7, 8, 9]"
Pam Beesly,Main_Characters,Helene Beesly,"[1, 2, 3, 4, 5, 6, 7, 8, 9]"
Pam Beesly,Main_Characters,William Beesly,"[1, 2, 3, 4, 5, 6, 7, 8, 9]"
Pam Beesly,Main_Characters,Sylvia,"[1, 2, 3, 4, 5, 6, 7, 8, 9]"
Pam Beesly,Main_Characters,Isabel Poreba,"[1, 2, 3, 4, 5, 6, 7, 8, 9]"
Pam Beesly,Main_Characters,Dawn Tinsley,"[1, 2, 3, 4, 5, 6, 7, 8, 9]"
Pam Beesly,Main_Characters,Jim Halpert,"[1, 2, 3, 4, 5, 6, 7, 8, 9]"
Pam Beesly,Main_Characters,Dawn Tinsley,"[1, 2, 3, 4, 5, 6, 7, 8, 9]"
Pam Beesly,Main_Characters,Karen Filippelli,"[1, 2, 3, 4, 5, 6, 7, 8, 9]"
Pam Beesly,Main_Characters,Andy Bernard,"[1, 2, 3, 4, 5, 6, 7, 8, 9]"
Pam Beesly,Main_Characters,Erin Hannon,"[1, 2, 3, 4, 5, 6, 7, 8, 9]"
Pam Beesly,Main_Characters,Robert California,"[1, 2, 3, 4, 5, 6, 7, 8, 9]"
Pam Beesly,Main_Characters,Angela Martin,"[1, 2, 3, 4, 5, 6, 7, 8, 9]"
Pam Beesly,Main_Characters,Holly Flax,"[1, 2, 3, 4, 5, 6, 7, 8, 9]"
Pam Beesly,Main_Characters,Ryan Howard,"[1, 2, 3, 4, 5, 6, 7, 8, 9]"
Pete Miller,Main_Characters,Clark Green,[9]
Pete Miller,Main_Characters,Kelly Kapoor,[9]
Pete Miller,Main_Characters,David Wallace,[9]
Pete Miller,Main_Characters,Alice,[9]
Pete Miller,Main_Characters,Robert Lipton,[9]
Phyllis Vance,Main_Characters,Michael Scott,"[1, 2, 3, 4, 5, 6, 7, 8, 9]"
Phyllis Vance,Main_Characters,Bob Vance,"[1, 2, 3, 4, 5, 6, 7, 8, 9]"
Phyllis Vance,Main_Characters,Phyllis' Sister,"[1, 2, 3, 4, 5, 6, 7, 8, 9]"
Phyllis Vance,Main_Characters,Elbert Lapin,"[1, 2, 3, 4, 5, 6, 7, 8, 9]"
Phyllis Vance,Main_Characters,Bob Vance,"[1, 2, 3, 4, 5, 6, 7, 8, 9]"
Phyllis Vance,Main_Characters,Todd Packer,"[1, 2, 3, 4, 5, 6, 7, 8, 9]"
Phyllis Vance,Main_Characters,Jim Halpert,"[1, 2, 3, 4, 5, 6, 7, 8, 9]"
Phyllis Vance,Main_Characters,Pam Beesly,"[1, 2, 3, 4, 5, 6, 7, 8, 9]"
Phyllis Vance,Main_Characters,Dwight Schrute,"[1, 2, 3, 4, 5, 6, 7, 8, 9]"
Phyllis Vance,Main_Characters,Andy Bernard,"[1, 2, 3, 4, 5, 6, 7, 8, 9]"
Phyllis Vance,Main_Characters,Robert California,"[1, 2, 3, 4, 5, 6, 7, 8, 9]"
Phyllis Vance,Main_Characters,Todd Packer,"[1, 2, 3, 4, 5, 6, 7, 8, 9]"
Robert California,Main_Characters,Susan California,"[7, 8]"
Robert California,Main_Characters,Bert California,"[7, 8]"
Robert California,Main_Characters,Jo Bennett,"[7, 8]"
Robert California,Main_Characters,David Wallace,"[7, 8]"
Robert California,Main_Characters,Andy Bernard,"[7, 8]"
Robert California,Main_Characters,Hidetoshi Hasagawa,"[7, 8]"
Robert California,Main_Characters,Jim Halpert,"[7, 8]"
Robert California,Main_Characters,Todd Packer,"[7, 8]"
Robert California,Main_Characters,Nellie Bertram,"[7, 8]"
Robert California,Main_Characters,Merv Bronte,"[7, 8]"
Robert California,Main_Characters,Andy Bernard,"[7, 8]"
Robert California,Main_Characters,Robert Lipton,"[7, 8]"
Roy Anderson,Main_Characters,Laura Anderson,"[1, 2, 3, 5, 7, 9]"
Roy Anderson,Main_Characters,Kenny Anderson,"[1, 2, 3, 5, 7, 9]"
Roy Anderson,Main_Characters,Lee,"[1, 2, 3, 5, 7, 9]"
Roy Anderson,Main_Characters,Dawn Tinsley,"[1, 2, 3, 5, 7, 9]"
Ryan Howard,Main_Characters,Kelly Kapoor,"[1, 2, 3, 4, 5, 6, 7, 8, 9]"
Ryan Howard,Main_Characters,Melissa Hudson,"[1, 2, 3, 4, 5, 6, 7, 8, 9]"
Ryan Howard,Main_Characters,Drake Howard,"[1, 2, 3, 4, 5, 6, 7, 8, 9]"
Ryan Howard,Main_Characters,David Wallace,"[1, 2, 3, 4, 5, 6, 7, 8, 9]"
Ryan Howard,Main_Characters,Neil Godwin,"[1, 2, 3, 4, 5, 6, 7, 8, 9]"
Ryan Howard,Main_Characters,Michael Scott,"[1, 2, 3, 4, 5, 6, 7, 8, 9]"
Ryan Howard,Main_Characters,David Wallace,"[1, 2, 3, 4, 5, 6, 7, 8, 9]"
Ryan Howard,Main_Characters,Jim Halpert,"[1, 2, 3, 4, 5, 6, 7, 8, 9]"
Ryan Howard,Main_Characters,Jan Levinson,"[1, 2, 3, 4, 5, 6, 7, 8, 9]"
Ryan Howard,Main_Characters,Ravi,"[1, 2, 3, 4, 5, 6, 7, 8, 9]"
Ryan Howard,Main_Characters,Kelly Kapoor,"[1, 2, 3, 4, 5, 6, 7, 8, 9]"
Ryan Howard,Main_Characters,Nellie Bertram,"[1, 2, 3, 4, 5, 6, 7, 8, 9]"
Stanley Hudson,Main_Characters,Teri Hudson,"[1, 2, 3, 4, 5, 6, 7, 8, 9]"
Stanley Hudson,Main_Characters,Cynthia,"[1, 2, 3, 4, 5, 6, 7, 8, 9]"
Stanley Hudson,Main_Characters,Melissa Hudson,"[1, 2, 3, 4, 5, 6, 7, 8, 9]"
Stanley Hudson,Main_Characters,Phyllis Vance,"[1, 2, 3, 4, 5, 6, 7, 8, 9]"
Stanley Hudson,Main_Characters,Teri Hudson,"[1, 2, 3, 4, 5, 6, 7, 8, 9]"
Stanley Hudson,Main_Characters,Cynthia,"[1, 2, 3, 4, 5, 6, 7, 8, 9]"
Stanley Hudson,Main_Characters,Megan,"[1, 2, 3, 4, 5, 6, 7, 8, 9]"
Stanley Hudson,Main_Characters,Maurie,"[1, 2, 3, 4, 5, 6, 7, 8, 9]"
Stanley Hudson,Main_Characters,Eric,"[1, 2, 3, 4, 5, 6, 7, 8, 9]"
Toby Flenderson,Main_Characters,Rory Flenderson,"[1, 2, 3, 4, 5, 6, 7, 8, 9]"
Toby Flenderson,Main_Characters,Sasha Flenderson,"[1, 2, 3, 4, 5, 6, 7, 8, 9]"
Toby Flenderson,Main_Characters,Cathy Becker,"[1, 2, 3, 4, 5, 6, 7, 8, 9]"
Toby Flenderson,Main_Characters,Cathy Becker,"[1, 2, 3, 4, 5, 6, 7, 8, 9]"
Toby Flenderson,Main_Characters,Sadiq,"[1, 2, 3, 4, 5, 6, 7, 8, 9]"
Toby Flenderson,Main_Characters,Todd Packer,"[1, 2, 3, 4, 5, 6, 7, 8, 9]"
Toby Flenderson,Main_Characters,Jo Bennett,"[1, 2, 3, 4, 5, 6, 7, 8, 9]"
Toby Flenderson,Main_Characters,Tony Gardner,"[1, 2, 3, 4, 5, 6, 7, 8, 9]"
Bruce,Warehouse_worker,,[8]
Frank,Warehouse_worker,,[]
Gideon,Warehouse_worker,,[8]
Glenn (Warehouse Worker),Warehouse_worker,Philip,[]
Hidetoshi Hasagawa,Warehouse_worker,Robert California,[]
Hidetoshi Hasagawa,Warehouse_worker,Darryl Philbin,[]
Jerry DiCanio,Warehouse_worker,,[]
Lonny Collins,Warehouse_worker,,[]
Madge Madsen,Warehouse_worker,,[]
Matt,Warehouse_worker,Oscar Martinez,"[6, 7, 8]"
Matt,Warehouse_worker,Jo Bennett,"[6, 7, 8]"
Michael (Warehouse Worker),Warehouse_worker,Michael Scott,[5]
Nate Nickerson,Warehouse_worker,Dwight Schrute,[]
Nate Nickerson,Warehouse_worker,Hidetoshi Hasagawa,[]
Nate Nickerson,Warehouse_worker,Ravi,[]
Philip,Warehouse_worker,Bob Vance,[]
Unnamed Warehouse Workers,Warehouse_worker,,[]
Val Johnson,Warehouse_worker,Darryl Philbin,"[8, 9]"
Val Johnson,Warehouse_worker,Brandon,"[8, 9]"
Val Johnson,Warehouse_worker,Brandon,"[8, 9]"
Val Johnson,Warehouse_worker,Brandon,"[8, 9]"
Alan Brand,Former_employees,Jan Levinson,[]
Alan Brand,Former_employees,Michael Scott,[]
Alan Brand,Former_employees,Oscar Martinez,[]
Alan Brand,Former_employees,David Wallace,[]
Alan Brand,Former_employees,Jim Halpert,[]
Alan Brand,Former_employees,Charles Miner,[]
Cathy Simms,Former_employees,Jim Halpert,[8]
Charles Miner,Former_employees,Ryan Howard,[]
Charles Miner,Former_employees,David Wallace,[]
Charles Miner,Former_employees,David Wallace,[]
Charles Miner,Former_employees,Dwight Schrute,[]
Charles Miner,Former_employees,Michael Scott,[]
Charles Miner,Former_employees,Jim Halpert,[]
Charles Miner,Former_employees,Angela Martin,[]
Charles Miner,Former_employees,Kelly Kapoor,[]
Charles Miner,Former_employees,David Wallace,[]
Craig,Former_employees,,[]
Dan Gore,Former_employees,David Wallace,[]
Deangelo Vickers,Former_employees,Michael Scott,[]
Deangelo Vickers,Former_employees,Holly Flax,[]
Deangelo Vickers,Former_employees,Michael Scott,[]
Deangelo Vickers,Former_employees,Kevin Malone,[]
Deangelo Vickers,Former_employees,Darryl Philbin,[]
Deangelo Vickers,Former_employees,Gabe Lewis,[]
Deangelo Vickers,Former_employees,Jim Halpert,[]
Deangelo Vickers,Former_employees,Andy Bernard,[]
Debbie Brown,Former_employees,,[3]
Ed Truck,Former_employees,Michael Scott,[]
Ed Truck,Former_employees,Creed Bratton,[]
Ed Truck,Former_employees,Jan Levinson,[]
Eric,Former_employees,Cynthia,[]
Hannah Smoterich-Barr,Former_employees,Josh Porter,[]
Hannah Smoterich-Barr,Former_employees,Karen Filippelli,[]
Hannah Smoterich-Barr,Former_employees,Michael Scott,[]
Hannah Smoterich-Barr,Former_employees,Creed Bratton,[]
Hannah Smoterich-Barr,Former_employees,Martin Nash,[]
Hannah Smoterich-Barr,Former_employees,Phyllis Vance,[]
Hannah Smoterich-Barr,Former_employees,Pam Beesly,[]
Hannah Smoterich-Barr,Former_employees,Toby Flenderson,[]
Hannah Smoterich-Barr,Former_employees,Angela Martin,[]
Holly Flax,Former_employees,Michael Scott,"[4, 5, 6, 7]"
Holly Flax,Former_employees,A.J.,"[4, 5, 6, 7]"
Holly Flax,Former_employees,Mr. Flax,"[4, 5, 6, 7]"
Holly Flax,Former_employees,Mrs. Flax,"[4, 5, 6, 7]"
Holly Flax,Former_employees,Kevin Malone,"[4, 5, 6, 7]"
Holly Flax,Former_employees,Jim Halpert,"[4, 5, 6, 7]"
Holly Flax,Former_employees,Pam Beesly,"[4, 5, 6, 7]"
Holly Flax,Former_employees,A.J.,"[4, 5, 6, 7]"
Holly Flax,Former_employees,Scranton Strangler,"[4, 5, 6, 7]"
Holly Flax,Former_employees,Kelly Kapoor,"[4, 5, 6, 7]"
Holly Flax,Former_employees,Phyllis Vance,"[4, 5, 6, 7]"
Holly Flax,Former_employees,Michael Scott,"[4, 5, 6, 7]"
Holly Flax,Former_employees,Jim Halpert,"[4, 5, 6, 7]"
Holly Flax,Former_employees,David Wallace,"[4, 5, 6, 7]"
Hunter Raymond,Former_employees,Jan Levinson,[3]
Hunter Raymond,Former_employees,Astrid Levinson,[3]
Hunter Raymond,Former_employees,Jan Levinson,[3]
Jo Bennett,Former_employees,Robert California,"[6, 7, 8]"
Jo Bennett,Former_employees,Michael Scott,"[6, 7, 8]"
Jo Bennett,Former_employees,Robert California,"[6, 7, 8]"
Jo Bennett,Former_employees,David Wallace,"[6, 7, 8]"
Jo Bennett,Former_employees,Nellie Bertram,"[6, 7, 8]"
Jordan Garfield,Former_employees,Jo Bennett,[7]
Jordan Garfield,Former_employees,Robert California,[7]
Josh Porter,Former_employees,Neil Godwin,[]
Josh Porter,Former_employees,Jan Levinson,[]
Josh Porter,Former_employees,Andy Bernard,[]
Louanne Kelley,Former_employees,Hannah Smoterich-Barr,"[1, 2]"
Martin Nash,Former_employees,,[]
Maurie,Former_employees,Cynthia,[]
Megan,Former_employees,Cynthia,[]
Nick,Former_employees,,[]
Randall,Former_employees,Todd Packer,[]
Robert Mifflin,Former_employees,Robert Dunder,[]
Ronni,Former_employees,Dwight Schrute,[]
Sadiq,Former_employees,Nick,[]
Sadiq,Former_employees,Nick,[]
Todd Packer,Former_employees,Chris Finch,"[1, 2, 3, 6, 7, 8, 9]"
Todd Packer,Former_employees,Jan Levinson,"[1, 2, 3, 6, 7, 8, 9]"
Tom Peets,Former_employees,Michael Scott,[]
Tony Gardner,Former_employees,Toby Flenderson,[]
Abby,Family_members,Stacy,[]
Astrid Levinson,Family_members,Michael Scott,[]
Astrid Levinson,Family_members,Jan Levinson,[]
Astrid Levinson,Family_members,Jan Levinson,[]
Astrid Levinson,Family_members,Andy Roddick,[]
Astrid Levinson,Family_members,Jan Levinson,[]
Astrid Levinson,Family_members,Andy Roddick,[]
Astrid Levinson,Family_members,Andy Roddick,[]
Astrid Levinson,Family_members,Hunter Raymond,[]
Aunt Carol,Family_members,Ryan Howard,[]
Aunt Shirley,Family_members,Honk,[]
Aunt Shirley,Family_members,Dwight Schrute,[]
Aunt Shirley,Family_members,Mose Schrute,[]
Aunt Shirley,Family_members,Dwight Schrute,[]
Aunt Shirley,Family_members,Angela Martin,[]
Aunt Shirley,Family_members,Oscar Martinez,[]
Bandit,Family_members,Angela Martin,[]
Barbara Keevis,Family_members,Michael Scott,"[4, 5]"
Barbara Keevis,Family_members,Michael Scott,"[4, 5]"
Bert California,Family_members,Robert California,[8]
Bert California,Family_members,Robert California,[8]
Bert California,Family_members,Dwight Schrute,[8]
Betsy Halpert,Family_members,Gerald Halpert,"[6, 7]"
Betsy Halpert,Family_members,William Beesly,"[6, 7]"
Betsy Halpert,Family_members,Helene Beesly,"[6, 7]"
Betsy Halpert,Family_members,Jim Halpert,"[6, 7]"
Betsy Halpert,Family_members,Pete Halpert,"[6, 7]"
Betsy Halpert,Family_members,Tom Halpert,"[6, 7]"
Betsy Halpert,Family_members,Phillip Halpert,"[6, 7]"
Cecelia Halpert,Family_members,Jim Halpert,"[6, 7, 8, 9]"
Cecelia Halpert,Family_members,William Beesly,"[6, 7, 8, 9]"
Cecelia Halpert,Family_members,Helene Beesly,"[6, 7, 8, 9]"
Cecelia Halpert,Family_members,Gerald Halpert,"[6, 7, 8, 9]"
Cecelia Halpert,Family_members,Betsy Halpert,"[6, 7, 8, 9]"
Cecelia Halpert,Family_members,Jim Halpert,"[6, 7, 8, 9]"
Cecelia Halpert,Family_members,Sylvia,"[6, 7, 8, 9]"
Drake Howard,Family_members,Nellie Bertram,[9]
Drake Howard,Family_members,Ryan Howard,[9]
Drake Howard,Family_members,Ryan Howard,[9]
Drake Howard,Family_members,Nellie Bertram,[9]
Elbert Lapin,Family_members,Phyllis Vance,[]
Elbert Lapin,Family_members,Phyllis' Sister,[]
Eldred,Family_members,Dwight Schrute,[]
Ellen Bernard,Family_members,Walter Bernard Sr.,"[4, 8, 9]"
Ellen Bernard,Family_members,Andy Bernard,"[4, 8, 9]"
Ellen Bernard,Family_members,Walter Bernard Jr.,"[4, 8, 9]"
Ellen Bernard,Family_members,Andy Bernard,"[4, 8, 9]"
Fannie Schrute,Family_members,Dwight Schrute,[]
Fannie Schrute,Family_members,Jeb Schrute,[]
Fannie Schrute,Family_members,Mose Schrute,[]
Gwyneth Philbin,Family_members,Darryl Philbin,[6]
Gwyneth Philbin,Family_members,Darryl Philbin,[6]
Helene Beesly,Family_members,William Beesly,"[2, 6, 7, 9]"
Helene Beesly,Family_members,Michael Scott,"[2, 6, 7, 9]"
Helene Beesly,Family_members,Pam Beesly,"[2, 6, 7, 9]"
Helene Beesly,Family_members,Penny Beesly,"[2, 6, 7, 9]"
Helene Beesly,Family_members,Sylvia,"[2, 6, 7, 9]"
Helene Beesly,Family_members,Cecelia Halpert,"[2, 6, 7, 9]"
Helene Beesly,Family_members,Phillip Halpert,"[2, 6, 7, 9]"
Helene Beesly,Family_members,William Beesly,"[2, 6, 7, 9]"
Helene Beesly,Family_members,Michael Scott,"[2, 6, 7, 9]"
Jada Philbin,Family_members,Darryl Philbin,[]
Jada Philbin,Family_members,Justine Philbin,[]
Jada Philbin,Family_members,Kelly Kapoor,[]
Jada Philbin,Family_members,Kevin Malone,[]
Jake Palmer,Family_members,Meredith Palmer,[]
Jake Palmer,Family_members,Meredith Palmer,[]
Jeb Schrute,Family_members,Dwight Schrute,[]
Jeb Schrute,Family_members,Fannie Schrute,[]
Jeb Schrute,Family_members,Dwight Schrute,[]
Kenny Anderson,Family_members,Roy Anderson,[]
Kevin's Sister,Family_members,Kevin Malone,[7]
Luke Cooper,Family_members,Michael Scott,[]
Luke Cooper,Family_members,Phyllis Vance,[]
Melissa Hudson,Family_members,Stanley Hudson,[]
Melissa Hudson,Family_members,Teri Hudson,[]
Melissa Hudson,Family_members,Stanley Hudson,[]
Mose Schrute,Family_members,Dwight Schrute,"[2, 3, 4, 6, 7, 8, 9]"
Mose Schrute,Family_members,Jeb Schrute,"[2, 3, 4, 6, 7, 8, 9]"
Mose Schrute,Family_members,Fannie Schrute,"[2, 3, 4, 6, 7, 8, 9]"
Mose Schrute,Family_members,Holly Flax,"[2, 3, 4, 6, 7, 8, 9]"
Mr. Flax,Family_members,,[]
Mrs. Flax,Family_members,Mr. Flax,[]
Penny Beesly,Family_members,Pam Beesly,[]
Penny Beesly,Family_members,Gil,[]
Pete Halpert,Family_members,Jim Halpert,[]
Pete Halpert,Family_members,Tom Halpert,[]
Pete Halpert,Family_members,Betsy Halpert,[]
Pete Halpert,Family_members,Gerald Halpert,[]
Pete Halpert,Family_members,Jim Halpert,[]
Phillip Halpert,Family_members,Cecelia Halpert,[]
Phillip Halpert,Family_members,Jim Halpert,[]
Phillip Halpert,Family_members,Helene Beesly,[]
Phillip Halpert,Family_members,William Beesly,[]
Phillip Halpert,Family_members,Gerald Halpert,[]
Phillip Halpert,Family_members,Betsy Halpert,[]
Phyllis' Sister,Family_members,Phyllis Vance,[]
Phyllis' Sister,Family_members,Elbert Lapin,[]
Phyllis' Sister,Family_members,Bob Vance,[]
Rachel Wallace,Family_members,David Wallace,[]
Rachel Wallace,Family_members,Teddy Wallace,[]
Rachel Wallace,Family_members,David Wallace,[]
Reed,Family_members,Erin Hannon,[]
Rory Flenderson,Family_members,Toby Flenderson,[]
Rory Flenderson,Family_members,Toby Flenderson,[]
Sasha Flenderson,Family_members,Toby Flenderson,[]
Sasha Flenderson,Family_members,Cathy Becker,[]
Sasha Flenderson,Family_members,Toby Flenderson,[]
Sprinkles,Family_members,Angela Martin,[]
Stacy,Family_members,Kevin Malone,[]
Stacy,Family_members,Abby,[]
Stacy,Family_members,Kevin Malone,[]
Stacy,Family_members,Abby,[]
Stacy,Family_members,Melissa Riley,[]
Susan California,Family_members,Robert California,[]
Sylvia,Family_members,Helene Beesly,[]
Sylvia,Family_members,Penny Beesly,[]
Sylvia,Family_members,Phillip Halpert,[]
Teddy Wallace,Family_members,David Wallace,[]
Teddy Wallace,Family_members,Rachel Wallace,[]
Teddy Wallace,Family_members,Rachel Wallace,[]
Teddy Wallace,Family_members,David Wallace,[]
Tom Halpert,Family_members,Jim Halpert,[]
Tom Halpert,Family_members,Pete Halpert,[]
Tom Halpert,Family_members,Betsy Halpert,[]
Tom Halpert,Family_members,Gerald Halpert,[]
Tom Halpert,Family_members,Jim Halpert,[]
Uncle Lucas,Family_members,Ryan Howard,[]
Walter Bernard Jr.,Family_members,Andy Bernard,[]
Walter Bernard Jr.,Family_members,Walter Bernard Sr.,[]
Walter Bernard Jr.,Family_members,Ellen Bernard,[]
Walter Bernard Jr.,Family_members,Andy Bernard,[]
Walter Bernard Sr.,Family_members,Ellen Bernard,[]
Walter Bernard Sr.,Family_members,Andy Bernard,[]
Walter Bernard Sr.,Family_members,Walter Bernard Jr.,[]
Walter Bernard Sr.,Family_members,Andy Bernard,[]
William Beesly,Family_members,Helene Beesly,[]
William Beesly,Family_members,Penny Beesly,[]
Blind Guy McSqueezy,Characters_of_Michael_Scott,Michael Scott,[]
Blind Guy McSqueezy,Characters_of_Michael_Scott,Michael Scott,[]
Blind Guy McSqueezy,Characters_of_Michael_Scott,Michael Scott,[]
Michael Klump,Characters_of_Michael_Scott,Michael Scott,[]
Michael Klump,Characters_of_Michael_Scott,Michael Scott,[]
Michael Klump,Characters_of_Michael_Scott,Michael Scott,[]
Michael Klump,Characters_of_Michael_Scott,Holly Flax,[]
Michael Scarn,Characters_of_Michael_Scott,Michael Scott,"[2, 3, 4, 7]"
Michael Scarn,Characters_of_Michael_Scott,Goldenface,"[2, 3, 4, 7]"
Michael Scarn,Characters_of_Michael_Scott,Samuel L. Chang,"[2, 3, 4, 7]"
Mykonos,Characters_of_Michael_Scott,Michael Scott,[7]
Mykonos,Characters_of_Michael_Scott,Michael Scott,[7]
Mykonos,Characters_of_Michael_Scott,Holly Flax,[7]
Ping,Characters_of_Michael_Scott,Michael Scott,[]
Prison Mike,Characters_of_Michael_Scott,Michael Scott,[3]
Prison Mike,Characters_of_Michael_Scott,Michael Scott,[3]
Urkel Grue,Characters_of_Michael_Scott,Michael Scott,[3]
Urkel Grue,Characters_of_Michael_Scott,Michael Scott,[3]
Belsnickel,Characters_of_Dwight_Schrute,Dwight Schrute,[9]
Belsnickel,Characters_of_Dwight_Schrute,Nate Nickerson,[9]
Lloyd Gross,Characters_of_Dwight_Schrute,Jim Halpert,[]
Lloyd Gross,Characters_of_Dwight_Schrute,Dwight Schrute,[]
Michael Scotch,Characters_of_Dwight_Schrute,Dwight Schrute,[]
Michael Scotch,Characters_of_Dwight_Schrute,David Wallace,[]
Michael Scotch,Characters_of_Dwight_Schrute,Michael Scott,[]
Recyclops,Characters_of_Dwight_Schrute,Dwight Schrute,"[2, 6]"
Recyclops,Characters_of_Dwight_Schrute,Dwight Schrute,"[2, 6]"
Recyclops,Characters_of_Dwight_Schrute,Dwight Schrute,"[2, 6]"
Samuel L. Chang,Characters_of_Dwight_Schrute,Dwight Schrute,[]
Samuel L. Chang,Characters_of_Dwight_Schrute,Michael Scarn,[]
Samuel L. Chang,Characters_of_Dwight_Schrute,Dwight Schrute,[]
Samuel L. Chang,Characters_of_Dwight_Schrute,Michael Scarn,[]
Billy the Bartender,Threat_Level_Midnight_Characters,Andy Bernard,[]
Billy the Bartender,Threat_Level_Midnight_Characters,Michael Scarn,[]
Billy the Bartender,Threat_Level_Midnight_Characters,Andy Bernard,[]
Catherine Zeta-Scarn,Threat_Level_Midnight_Characters,Michael Scarn,"[2, 7]"
Catherine Zeta-Scarn,Threat_Level_Midnight_Characters,Phyllis Vance,"[2, 7]"
Catherine Zeta-Scarn,Threat_Level_Midnight_Characters,Michael Scarn,"[2, 7]"
Catherine Zeta-Scarn,Threat_Level_Midnight_Characters,Goldenface,"[2, 7]"
Cherokee Jack,Threat_Level_Midnight_Characters,Michael Scarn,[]
Cherokee Jack,Threat_Level_Midnight_Characters,Creed Bratton,[]
Cherokee Jack,Threat_Level_Midnight_Characters,Michael Scarn,[]
Cherokee Jack,Threat_Level_Midnight_Characters,Creed Bratton,[]
Cherokee Jack,Threat_Level_Midnight_Characters,Goldenface,[]
Goldenface,Threat_Level_Midnight_Characters,Jim Halpert,[]
Goldenface,Threat_Level_Midnight_Characters,Jim Halpert,[]
Goldenface,Threat_Level_Midnight_Characters,Michael Scarn,[]
Jasmine Windsong,Threat_Level_Midnight_Characters,Jan Levinson,[]
Jasmine Windsong,Threat_Level_Midnight_Characters,Jan Levinson,[]
Jasmine Windsong,Threat_Level_Midnight_Characters,Goldenface,[]
Jasmine Windsong,Threat_Level_Midnight_Characters,Michael Scarn,[]
The Gypsy,The_3rd_Floor_Characters,Ryan Howard,[]
The Gypsy,The_3rd_Floor_Characters,Meredith Palmer,[]
The Gypsy,The_3rd_Floor_Characters,The Killer,[]
The Killer,The_3rd_Floor_Characters,The Gypsy,[]
The Killer,The_3rd_Floor_Characters,Erin Hannon,[]
Deborah Shoshlefski,Deceased_characters,,[]
Garbage,Animals,Mose Schrute,[]
Garbage,Animals,Sprinkles,[]
Garbage,Animals,Bandit,[]
Ivan Shotsky,Unseen_Characters,,[]
Mr. R. Gould,Unseen_Characters,Jan Levinson,[]
Mr. R. Gould,Unseen_Characters,Jan Levinson,[]
Stephanie,Unseen_Characters,David Wallace,"[5, 6]"
Steve,Unseen_Characters,,[]
Steve Nash,Unseen_Characters,Danny Cordray,[]
Teresa,Unseen_Characters,Mentioned characters,[]
Unnamed Paintball Circumciser,Unseen_Characters,,[]
Unnamed White Male,Unseen_Characters,,[]
William M. Buttlicker,Unseen_Characters,Jim Halpert,[]
William M. Buttlicker,Unseen_Characters,Dwight Schrute,[]
William M. Buttlicker,Unseen_Characters,Michael Scott,[]
Cameraman,Unnamed,James P. Albini,[]
Cameraman,Unnamed,Rachel Wallace,[]
Finger Lakes Guy,Unnamed,Jim Halpert,[]
Finger Lakes Guy,Unnamed,Toby Flenderson,[]
Finger Lakes Guy,Unnamed,Gabe Lewis,[]
Tracy Fleeb,Unnamed,,[]
Brenda Matlowe,Dunder_Mifflin_employees,Abby,[]
Danny Cordray,Dunder_Mifflin_employees,Karen Filippelli,[7]
Danny Cordray,Dunder_Mifflin_employees,Steve Nash,[7]
David Wallace,Dunder_Mifflin_employees,Rachel Wallace,"[2, 3, 4, 5, 6, 8, 9]"
David Wallace,Dunder_Mifflin_employees,Teddy Wallace,"[2, 3, 4, 5, 6, 8, 9]"
David Wallace,Dunder_Mifflin_employees,Craig,"[2, 3, 4, 5, 6, 8, 9]"
David Wallace,Dunder_Mifflin_employees,Charles Miner,"[2, 3, 4, 5, 6, 8, 9]"
David Wallace,Dunder_Mifflin_employees,Robert California,"[2, 3, 4, 5, 6, 8, 9]"
Devon White,Dunder_Mifflin_employees,,[]
Diane Kelly,Dunder_Mifflin_employees,,[]
Grace,Dunder_Mifflin_employees,,[]
Hank Doyle,Dunder_Mifflin_employees,,"[2, 4, 5, 6, 7, 8, 9]"
Kendall,Dunder_Mifflin_employees,David Wallace,[]
List of IT guys,Dunder_Mifflin_employees,Michael Scott,[]
List of IT guys,Dunder_Mifflin_employees,Sadiq,[]
List of IT guys,Dunder_Mifflin_employees,Nick,[]
List of IT guys,Dunder_Mifflin_employees,Andy Bernard,[]
Mr. O'Malley,Dunder_Mifflin_employees,James P. Albini,[]
Polly,Dunder_Mifflin_employees,Jim Halpert,[]
Robert Dunder,Dunder_Mifflin_employees,Robert Mifflin,[4]
Robert Dunder,Dunder_Mifflin_employees,Ryan Howard,[4]
Robert Dunder,Dunder_Mifflin_employees,Michael Scott,[4]
Rolando,Dunder_Mifflin_employees,,[]
Troy Underbridge,Dunder_Mifflin_employees,,[]
A.J.,Other,Holly Flax,[7]
A.J.,Other,Holly Flax,[7]
Alan,Other,,[]
Alex,Other,Alex,[]
Alex,Other,Karen Filippelli,[]
Alice,Other,Pete Miller,[]
Amy,Other,Toby Flenderson,"[3, 4]"
Andy Roddick,Other,Astrid Levinson,[]
Andy Roddick,Other,Jan Levinson,[]
Angelo Grotti,Other,,[6]
Arnie Rissman,Other,Evan,[]
Ashley,Other,Erin Hannon,[]
Ashley,Other,Oscar Martinez,[]
Asian Jim,Other,Jim Halpert,[]
Asian Jim,Other,Dwight Schrute,[]
Barbara Allen,Other,Pam Beesly,[]
The Benihana Trio,Other,,[]
Bert Jacobs,Other,Creed Bratton,[]
Bill Cress,Other,,[]
Bill Hader,Other,,[]
Billy Merchant,Other,,[]
Bob Vance,Other,Kelly Kapoor,[]
Brandon,Other,,[]
Brian Wittle,Other,,[5]
Broccoli Rob,Other,Andy Bernard,[]
Mr. Brown,Other,,[]
Captain Jack,Other,Michael Scott,[]
Carla,Other,,[]
Carla Fern,Other,Andy Bernard,[9]
Carol Stills,Other,Jan Levinson,"[2, 3, 7, 9]"
Carol Stills,Other,Michael Scarn,"[2, 3, 7, 9]"
Carol Stills,Other,Michael Scott,"[2, 3, 7, 9]"
Casey Dean,Other,,[9]
Cathy Becker,Other,Mentioned characters,[]
Chad Ligh,Other,Barbara Allen,[]
Chet Montgomery,Other,,[]
Chris Finch,Other,Todd Packer,[]
Chris Kotter,Other,,[]
Christian,Other,,[]
Christian Slater,Other,Christian Slater,[]
Clark (Lactation Consultant),Other,,[]
Colin,Other,Julius Erving,[9]
Conan O'Brien,Other,Michael Scott,[]
Concierge Marie,Other,,[]
Cynthia,Other,Stanley Hudson,[]
Cynthia,Other,Stanley Hudson,[]
Cynthia,Other,Megan,[]
Cynthia,Other,Eric,[]
Cynthia,Other,Maurie,[]
Dan (Karen's husband),Other,Karen Filippelli,"[5, 7]"
Daniel Donnelly,Other,,[]
David Brent,Other,Michael Scott,[7]
Dawn Tinsley,Other,Pam Beesly,[]
Dawn Tinsley,Other,Tim Canterbury,[]
Dawn Tinsley,Other,Lee,[]
Dawn Tinsley,Other,Pam Beesly,[]
Dawn Tinsley,Other,Tim Canterbury,[]
Dawn Tinsley,Other,Gareth Keenan,[]
Debby Donnelly,Other,,[]
Dennis,Other,,[]
Donna (UK),Other,David Brent,[]
Donna (UK),Other,Gareth Keenan,[]
Donna Newton,Other,Michael Scott,[6]
Edward R. Meow,Other,,[]
Elizabeth,Other,Bob Vance,[]
Eric Ward,Other,Toby Flenderson,[]
Eric Ward,Other,Michael Scott,[]
Eric Ward,Other,Dwight Schrute,[]
Erik,Other,,[]
Erin's Father,Other,Erin's Mother,[9]
Erin's Father,Other,Erin Hannon,[9]
Erin's Mother,Other,Erin's Father,[9]
Erin's Mother,Other,Erin Hannon,[9]
Esther Bruegger,Other,Dwight Schrute,[9]
Evan,Other,,[]
Fern Widgale,Other,,[]
Fred Henry,Other,,[8]
Gareth Keenan,Other,Dwight Schrute,[]
Gareth Keenan,Other,Tim Canterbury,[]
Gerald Halpert,Other,Betsy Halpert,"[6, 7]"
Gerald Halpert,Other,Jim Halpert,"[6, 7]"
Gerald Halpert,Other,Pete Halpert,"[6, 7]"
Gerald Halpert,Other,Tom Halpert,"[6, 7]"
Gerald Halpert,Other,Phillip Halpert,"[6, 7]"
Gerald Halpert,Other,Betsy Halpert,"[6, 7]"
Gil,Other,Oscar Martinez,"[2, 3]"
Gil,Other,Jan Levinson,"[2, 3]"
Gino,Other,Leo,[]
Gino,Other,Bob Vance,[]
Glenn (Florida),Other,Erin Hannon,[8]
Glenn (Florida),Other,Irene,[8]
Glove Girl,Other,,[]
Gordon,Other,,[3]
Honk,Other,,[]
Irene,Other,,[8]
Isabel Poreba,Other,Dwight Schrute,[]
Isabel Poreba,Other,Dwight Schrute,[]
Isabel Poreba,Other,Dwight Schrute,[]
Isabel Poreba,Other,Angela Martin,[]
Jack,Other,,[]
James P. Albini,Other,,[]
Jamie,Other,Andy Bernard,[]
Jessica (Andy's Girlfriend),Other,Robert California,[8]
Jessica (Vance Refrigeration),Other,Phyllis Vance,[]
Jessica (Vance Refrigeration),Other,Dwight Schrute,[]
Julia,Other,Stanley Hudson,[]
Julia,Other,Andy Bernard,[]
Julie,Other,Pam Beesly,[]
Julie,Other,Michael Scott,[]
Julius Erving,Other,Jim Halpert,[]
Julius Erving,Other,Dwight Schrute,[]
Julius Erving,Other,Darryl Philbin,[]
Julius Erving,Other,Toby Flenderson,[]
Julius Erving,Other,Deangelo Vickers,[]
Justine Philbin,Other,Darryl Philbin,[]
Katy Moore,Other,Catherine Zeta-Scarn,"[1, 2]"
Keith Bishop,Other,,[]
Kim Richy,Other,,[]
Konikotaka,Other,Dwight Schrute,[]
Laura Anderson,Other,,[]
Lee,Other,Dawn Tinsley,[]
Lee,Other,Roy Anderson,[]
Lee,Other,Tim Canterbury,[]
Lee,Other,David Brent,[]
Lee,Other,Gareth Keenan,[]
Leo,Other,Gino,[]
Leo,Other,Bob Vance,[]
Lester Schneider,Other,Jan Levinson,[]
Lily,Other,Sophie,[]
Lily,Other,Sam,[]
Linda,Other,,[]
List of aliases,Other,Michael Scott,[]
List of aliases,Other,Dwight Schrute,[]
List of aliases,Other,Dwight Schrute,[]
List of aliases,Other,Jake Palmer,[]
List of aliases,Other,Ryan Howard,[]
List of aliases,Other,Jim Halpert,[]
List of aliases,Other,Angela Martin,[]
List of aliases,Other,Angela Martin,[]
List of aliases,Other,Dwight Schrute,[]
List of aliases,Other,Michael Scott,[]
List of aliases,Other,Michael Scott,[]
List of aliases,Other,Michael Scott,[]
List of aliases,Other,Michael Scott,[]
List of aliases,Other,Jim Halpert,[]
Lynn,Other,Kevin Malone,[5]
Margaret,Other,,[]
Mark,Other,,[]
Mark Franks,Other,Michael Scott,[]
Marybeth,Other,Michael Scott,[]
Melissa Riley,Other,Kevin Malone,[]
Melvina Whitaker,Other,Dwight Schrute,[]
Merv Bronte,Other,Robert California,[]
Merv Bronte,Other,Jim Halpert,[]
Michael's mother,Other,Holly Flax,[5]
Mike Tibbets,Other,,[8]
Mikela Lasker,Other,Michael Scott,[]
Miserly Man,Other,,[]
Molly,Other,,[]
Mr. Decker,Other,,[]
Ms. Trudy,Other,,[2]
Neil Godwin,Other,David Brent,[]
Neil Godwin,Other,Josh Porter,[]
Neil Godwin,Other,Ryan Howard,[]
Neil Godwin,Other,Charles Miner,[]
Nick Figaro,Other,,[]
Pam (other),Other,,[]
Paris,Other,,[]
Patty Grossman,Other,,[]
Paul Faust,Other,Creed Bratton,[]
Phillip Schrute,Other,Angela Martin,[]
Phillip Schrute,Other,Dwight Schrute,[]
Phillip Schrute,Other,Oscar Martinez,[]
Phillip Schrute,Other,Dwight Schrute,[]
Phillip Schrute,Other,Angela Martin,[]
Phillip Schrute,Other,Robert Lipton,[]
Pizza Delivery Kid,Other,Michael Scott,[]
Pizza Delivery Kid,Other,Dwight Schrute,[]
Pizza Delivery Kid,Other,Kevin Malone,[]
Pizza Delivery Kid,Other,Oscar Martinez,[]
Pizza Delivery Kid,Other,Andy Bernard,[]
Pizza Delivery Kid,Other,Ryan Howard,[]
Rachael Martin,Other,,[]
Rachel (Andy's Girlfriend),Other,,[]
Ravi,Other,,[]
Reggie,Other,,[7]
Robert Lipton,Other,Oscar Martinez,[9]
Robert Lipton,Other,Angela Martin,[9]
Robert Lipton,Other,Wesley Silver,[9]
Robert Lipton,Other,Deangelo Vickers,[9]
Rolf Ahl,Other,Dwight Schrute,[]
Rolf Ahl,Other,Charles Miner,[]
Rolf Ahl,Other,David Wallace,[]
Rose,Other,,[]
Sam,Other,Sophie,[]
Sam,Other,Lily,[]
Sconesy Cider,Other,,[]
Scranton Strangler,Other,Jim Halpert,"[6, 7, 8, 9]"
Scranton Strangler,Other,Jim Halpert,"[6, 7, 8, 9]"
Scranton Strangler,Other,Creed Bratton,"[6, 7, 8, 9]"
Sensei Billy,Other,David Wallace,[]
Sensei Ira Glicksberg,Other,,[]
Seth (Cece's Godfather),Other,Jim Halpert,[]
Seth (Cece's Godfather),Other,Pam Beesly,[]
Seth (Cece's Godfather),Other,Cecelia Halpert,[]
Sophie,Other,Sam,[]
Sophie,Other,Lily,[]
Steve (actor friend),Other,Jim Halpert,[]
Steve (actor friend),Other,Dwight Schrute,[]
Steve (actor friend),Other,Phillip Halpert,[]
Sue,Other,,[]
Ted Kassar,Other,Josh Porter,[]
Ted Kassar,Other,Jim Halpert,[]
Ted Kassar,Other,Michael Scott,[]
Teri Hudson,Other,Stanley Hudson,[]
Teri Hudson,Other,Stanley Hudson,[]
Teri Hudson,Other,Cynthia,[]
Tiffany,Other,Andy Bernard,[]
Tiffany,Other,Pam Beesly,[]
Tiffany,Other,Andy Bernard,[]
Tim Canterbury,Other,Jim Halpert,[]
Tim Canterbury,Other,Dawn Tinsley,[]
Tim Canterbury,Other,Gareth Keenan,[]
Tim Canterbury,Other,Dawn Tinsley,[]
Tom Witochkin,Other,,[7]
Trevor Bortmen,Other,,[]
Uncle Al,Other,,[3]
Unnamed Cousin,Other,,[]
Vikram,Other,,[]
W.B. Jones,Other,Kevin Malone,[]
W.B. Jones,Other,Andy Bernard,[]
Wally Amos,Other,,[]
Wesley Silver,Other,Robert Lipton,[9]
Wesley Silver,Other,Robert Lipton,[9]
